weather,occupancy_count,baseline,n_layouts,baseline_mean_W,optimized_mean_W,mean_absolute_saving_W,min_absolute_saving_W,max_absolute_saving_W,relative_saving_pct_from_means,ga_lower_count,equal_count,ga_higher_count
Clear,1,Zonal PIR ceiling-only,5,34.31999999999999,3.0,31.319999999999993,0.0,73.19999999999999,91.25874125874127,3,2,0
Clear,2,Zonal PIR ceiling-only,5,36.959999999999994,4.8,32.16,-3.0,71.69999999999999,87.01298701298703,3,1,1
Clear,3,Zonal PIR ceiling-only,5,42.239999999999995,9.0,33.239999999999995,-3.0,65.69999999999999,78.69318181818181,4,0,1
Clear,4,Zonal PIR ceiling-only,5,71.28,9.6,61.68000000000001,33.6,92.1,86.53198653198653,5,0,0
Clear,5,Zonal PIR ceiling-only,5,81.84,14.7,67.14,45.3,81.9,82.03812316715542,5,0,0
Clear,6,Zonal PIR ceiling-only,5,71.28000000000002,12.0,59.28000000000001,32.1,78.9,83.16498316498317,5,0,0
Clear,7,Zonal PIR ceiling-only,5,58.08,12.0,46.08,29.1,68.69999999999999,79.33884297520662,5,0,0
Clear,8,Zonal PIR ceiling-only,5,84.48,17.7,66.78,40.8,78.9,79.04829545454545,5,0,0
Clear,9,Zonal PIR ceiling-only,5,87.11999999999999,22.5,64.62,39.3,77.4,74.17355371900828,5,0,0
Clear,10,Zonal PIR ceiling-only,5,81.84,20.7,61.14000000000001,26.1,86.1,74.7067448680352,5,0,0
Clear,11,Zonal PIR ceiling-only,5,89.75999999999999,23.4,66.35999999999999,59.69999999999999,74.4,73.93048128342245,5,0,0
Clear,12,Zonal PIR ceiling-only,5,95.03999999999999,24.0,71.04,53.400000000000006,84.6,74.74747474747477,5,0,0
Clear,13,Zonal PIR ceiling-only,5,100.32000000000001,27.6,72.72,63.900000000000006,80.1,72.48803827751196,5,0,0
Clear,14,Zonal PIR ceiling-only,5,102.96,29.4,73.55999999999999,66.9,80.1,71.44522144522143,5,0,0
Clear,15,Zonal PIR ceiling-only,5,95.04,31.2,63.839999999999996,50.69999999999999,77.1,67.17171717171716,5,0,0
Night,1,Zonal PIR ceiling-only,5,171.6,110.1,61.5,61.5,61.5,35.83916083916084,5,0,0
Night,2,Zonal PIR ceiling-only,5,253.43999999999997,151.56,101.87999999999998,57.0,149.39999999999998,40.19886363636363,5,0,0
Night,3,Zonal PIR ceiling-only,5,293.03999999999996,171.9,121.13999999999996,55.5,144.89999999999998,41.33906633906633,5,0,0
Night,4,Zonal PIR ceiling-only,5,430.32,204.6,225.71999999999997,150.6,284.09999999999997,52.45398773006135,5,0,0
Night,5,Zonal PIR ceiling-only,5,454.08000000000004,229.08,225.0,143.1,264.9,49.5507399577167,5,0,0
Night,6,Zonal PIR ceiling-only,5,459.36,228.9,230.45999999999998,140.1,258.9,50.16980146290491,5,0,0
Night,7,Zonal PIR ceiling-only,5,504.23999999999995,238.14000000000001,266.09999999999997,254.39999999999998,279.29999999999995,52.772489290813894,5,0,0
Night,8,Zonal PIR ceiling-only,5,514.8,249.71999999999997,265.0799999999999,258.59999999999997,271.79999999999995,51.491841491841484,5,0,0
Night,9,Zonal PIR ceiling-only,5,493.68,254.76,238.92,230.7,255.59999999999997,48.39572192513369,5,0,0
Night,10,Zonal PIR ceiling-only,5,509.52,270.17999999999995,239.33999999999997,224.7,261.29999999999995,46.973622232689586,5,0,0
Night,11,Zonal PIR ceiling-only,5,514.8,273.78000000000003,241.01999999999998,233.39999999999998,246.59999999999997,46.81818181818182,5,0,0
Night,12,Zonal PIR ceiling-only,5,509.51999999999987,279.48,230.03999999999996,214.2,242.09999999999997,45.14837494112106,5,0,0
Night,13,Zonal PIR ceiling-only,5,514.8,283.38,231.42,222.89999999999998,237.59999999999997,44.95337995337996,5,0,0
Night,14,Zonal PIR ceiling-only,5,514.8,295.56000000000006,219.23999999999995,215.39999999999998,233.09999999999997,42.58741258741258,5,0,0
Night,15,Zonal PIR ceiling-only,5,514.8,300.35999999999996,214.43999999999997,210.89999999999998,225.59999999999997,41.655011655011656,5,0,0
Overcast,1,Zonal PIR ceiling-only,5,73.92,38.82,35.1,-6.0,61.49999999999999,47.48376623376623,3,1,1
Overcast,2,Zonal PIR ceiling-only,5,105.6,43.86,61.739999999999995,0.0,96.6,58.465909090909086,4,1,0
Overcast,3,Zonal PIR ceiling-only,5,145.2,63.9,81.3,36.599999999999994,117.0,55.99173553719009,5,0,0
Overcast,4,Zonal PIR ceiling-only,5,240.24,84.9,155.34,105.30000000000001,215.10000000000002,64.66033966033966,5,0,0
Overcast,5,Zonal PIR ceiling-only,5,245.51999999999998,87.6,157.92,124.19999999999999,191.7,64.32062561094818,5,0,0
Overcast,6,Zonal PIR ceiling-only,5,253.44,89.1,164.34,126.9,191.7,64.84375,5,0,0
Overcast,7,Zonal PIR ceiling-only,5,266.64,91.5,175.14000000000001,157.8,201.89999999999998,65.6840684068407,5,0,0
Overcast,8,Zonal PIR ceiling-only,5,293.04,99.9,193.14000000000001,182.7,203.10000000000002,65.9090909090909,5,0,0
Overcast,9,Zonal PIR ceiling-only,5,282.47999999999996,102.3,180.18,176.7,186.89999999999998,63.78504672897197,5,0,0
Overcast,10,Zonal PIR ceiling-only,5,285.12,102.3,182.82,142.8,198.60000000000002,64.12037037037037,5,0,0
Overcast,11,Zonal PIR ceiling-only,5,290.4,110.1,180.3,159.0,192.60000000000002,62.08677685950414,5,0,0
Overcast,12,Zonal PIR ceiling-only,5,298.32,113.7,184.62,174.89999999999998,198.60000000000002,61.88656476267096,5,0,0
Overcast,13,Zonal PIR ceiling-only,5,298.32,117.3,181.02,171.89999999999998,189.60000000000002,60.67980691874497,5,0,0
Overcast,14,Zonal PIR ceiling-only,5,300.96000000000004,124.8,176.16000000000003,168.60000000000002,182.10000000000002,58.53269537480064,5,0,0
Overcast,15,Zonal PIR ceiling-only,5,287.76000000000005,125.1,162.66000000000003,133.8,176.10000000000002,56.52627189324437,5,0,0
Clear,1,Rule-based hybrid,5,2.7,3.0,-0.3,-1.5,0.0,-11.11111111111111,0,4,1
Clear,2,Rule-based hybrid,5,4.2,4.8,-0.6,-1.5,0.0,-14.285714285714285,0,3,2
Clear,3,Rule-based hybrid,5,8.1,9.0,-0.9,-1.5,0.0,-11.111111111111112,0,2,3
Clear,4,Rule-based hybrid,5,9.0,9.6,-0.6,-3.0,1.5,-6.666666666666667,1,2,2
Clear,5,Rule-based hybrid,5,12.9,14.7,-1.8,-4.5,1.5,-13.953488372093023,1,1,3
Clear,6,Rule-based hybrid,5,10.5,12.0,-1.5,-4.5,1.5,-14.285714285714285,1,1,3
Clear,7,Rule-based hybrid,5,11.1,12.0,-0.9,-3.0,0.0,-8.108108108108109,0,3,2
Clear,8,Rule-based hybrid,5,17.4,17.7,-0.3,-3.0,3.0,-1.7241379310344827,1,2,2
Clear,9,Rule-based hybrid,5,20.1,22.5,-2.4,-6.0,0.0,-11.940298507462686,0,1,4
Clear,10,Rule-based hybrid,5,18.3,20.7,-2.4,-3.0,-1.5,-13.114754098360654,0,0,5
Clear,11,Rule-based hybrid,5,23.4,23.4,0.0,-1.5,1.5,0.0,1,3,1
Clear,12,Rule-based hybrid,5,24.0,24.0,0.0,-1.5,1.5,0.0,1,3,1
Clear,13,Rule-based hybrid,5,26.4,27.6,-1.2,-3.0,1.5,-4.545454545454546,1,1,3
Clear,14,Rule-based hybrid,5,28.2,29.4,-1.2,-1.5,0.0,-4.25531914893617,0,1,4
Clear,15,Rule-based hybrid,5,28.8,31.2,-2.4,-3.0,0.0,-8.333333333333332,0,1,4
Night,1,Rule-based hybrid,5,110.1,110.1,0.0,0.0,0.0,0.0,0,5,0
Night,2,Rule-based hybrid,5,177.96,151.56,26.399999999999988,0.0,79.19999999999999,14.834794335805793,4,1,0
Night,3,Rule-based hybrid,5,203.58,171.9,31.679999999999986,3.0,79.19999999999999,15.561450044208659,5,0,0
Night,4,Rule-based hybrid,5,292.56,204.6,87.95999999999997,36.599999999999994,117.29999999999995,30.06562756357669,5,0,0
Night,5,Rule-based hybrid,5,318.17999999999995,229.08,89.09999999999997,33.599999999999994,115.79999999999995,28.003017160098054,5,0,0
Night,6,Rule-based hybrid,5,322.67999999999995,228.9,93.77999999999997,35.099999999999994,114.29999999999995,29.06284864261807,5,0,0
Night,7,Rule-based hybrid,5,348.29999999999995,238.14000000000001,110.15999999999994,98.09999999999997,114.29999999999995,31.627906976744175,5,0,0
Night,8,Rule-based hybrid,5,352.79999999999995,249.71999999999997,103.07999999999997,96.59999999999997,109.79999999999995,29.21768707482993,5,0,0
Night,9,Rule-based hybrid,5,357.29999999999995,254.76,102.53999999999996,98.09999999999997,114.29999999999995,28.698572628043657,5,0,0
Night,10,Rule-based hybrid,5,361.8,270.17999999999995,91.62000000000003,83.40000000000003,108.30000000000001,25.323383084577124,5,0,0
Night,11,Rule-based hybrid,5,366.3,273.78000000000003,92.52000000000002,84.90000000000003,98.10000000000002,25.257985257985265,5,0,0
Night,12,Rule-based hybrid,5,370.8,279.48,91.32000000000002,81.90000000000003,98.10000000000002,24.62783171521036,5,0,0
Night,13,Rule-based hybrid,5,375.3,283.38,91.92000000000003,83.40000000000003,98.10000000000002,24.492406075139893,5,0,0
Night,14,Rule-based hybrid,5,379.8,295.56000000000006,84.24000000000004,80.40000000000003,98.10000000000002,22.180094786729867,5,0,0
Night,15,Rule-based hybrid,5,384.3,300.35999999999996,83.94000000000003,80.40000000000003,95.10000000000002,21.84231069476972,5,0,0
Overcast,1,Rule-based hybrid,5,37.62,38.82,-1.2,-6.0,0.0,-3.1897926634768736,0,4,1
Overcast,2,Rule-based hybrid,5,44.46,43.86,0.6,0.0,3.0,1.3495276653171389,1,4,0
Overcast,3,Rule-based hybrid,5,60.42,63.9,-3.4800000000000013,-10.200000000000003,0.0,-5.759682224428999,0,3,2
Overcast,4,Rule-based hybrid,5,111.9,84.9,27.0,3.0,38.099999999999994,24.128686327077748,5,0,0
Overcast,5,Rule-based hybrid,5,116.93999999999998,87.6,29.339999999999996,0.0,41.099999999999994,25.08978963571062,4,1,0
Overcast,6,Rule-based hybrid,5,125.21999999999998,89.1,36.12,26.400000000000006,44.099999999999994,28.845232390991853,5,0,0
Overcast,7,Rule-based hybrid,5,109.13999999999999,91.5,17.640000000000004,3.0,29.400000000000006,16.162726772952176,5,0,0
Overcast,8,Rule-based hybrid,5,136.56,99.9,36.66,27.900000000000006,41.099999999999994,26.845342706502635,5,0,0
Overcast,9,Rule-based hybrid,5,139.26,102.3,36.959999999999994,24.900000000000006,44.099999999999994,26.54028436018957,5,0,0
Overcast,10,Rule-based hybrid,5,134.33999999999997,102.3,32.03999999999999,1.5,47.099999999999994,23.84993300580616,5,0,0
Overcast,11,Rule-based hybrid,5,144.48000000000002,110.1,34.379999999999995,9.0,44.099999999999994,23.795681063122917,5,0,0
Overcast,12,Rule-based hybrid,5,153.6,113.7,39.89999999999999,36.599999999999994,44.099999999999994,25.976562499999993,5,0,0
Overcast,13,Rule-based hybrid,5,161.1,117.3,43.8,42.599999999999994,45.599999999999994,27.188081936685286,5,0,0
Overcast,14,Rule-based hybrid,5,165.0,124.8,40.199999999999996,35.099999999999994,44.099999999999994,24.363636363636363,5,0,0
Overcast,15,Rule-based hybrid,5,160.38000000000002,125.1,35.279999999999994,7.5,44.099999999999994,21.99775533108866,5,0,0
