weather,strategy,occupancy_count,layout_count,mean_power_W,min_power_W,max_power_W,sd_power_W,range_power_W
Clear,Zonal PIR ceiling-only,1,5,34.320000,0.000000,79.200000,41.322536,79.200000
Clear,Zonal PIR ceiling-only,2,5,36.960000,0.000000,79.200000,40.037582,79.200000
Clear,Zonal PIR ceiling-only,3,5,42.240000,0.000000,79.200000,35.419317,79.200000
Clear,Zonal PIR ceiling-only,4,5,71.280000,39.600000,105.600000,30.388682,66.000000
Clear,Zonal PIR ceiling-only,5,5,81.840000,52.800000,92.400000,17.210694,39.600000
Clear,Zonal PIR ceiling-only,6,5,71.280000,39.600000,92.400000,28.919751,52.800000
Clear,Zonal PIR ceiling-only,7,5,58.080000,39.600000,79.200000,20.018791,39.600000
Clear,Zonal PIR ceiling-only,8,5,84.480000,52.800000,92.400000,17.709658,39.600000
Clear,Zonal PIR ceiling-only,9,5,87.120000,52.800000,105.600000,20.018791,52.800000
Clear,Zonal PIR ceiling-only,10,5,81.840000,39.600000,105.600000,25.390707,66.000000
Clear,Zonal PIR ceiling-only,11,5,89.760000,79.200000,92.400000,5.903219,13.200000
Clear,Zonal PIR ceiling-only,12,5,95.040000,92.400000,105.600000,5.903219,13.200000
Clear,Zonal PIR ceiling-only,13,5,100.320000,92.400000,105.600000,7.229938,13.200000
Clear,Zonal PIR ceiling-only,14,5,102.960000,92.400000,105.600000,5.903219,13.200000
Clear,Zonal PIR ceiling-only,15,5,95.040000,79.200000,105.600000,11.043912,26.400000
Clear,Rule-based hybrid,1,5,2.700000,0.000000,6.000000,3.074085,6.000000
Clear,Rule-based hybrid,2,5,4.200000,0.000000,9.000000,3.420526,9.000000
Clear,Rule-based hybrid,3,5,8.100000,1.500000,18.000000,6.841053,16.500000
Clear,Rule-based hybrid,4,5,9.000000,6.000000,13.500000,3.517812,7.500000
Clear,Rule-based hybrid,5,5,12.900000,9.000000,15.000000,2.924038,6.000000
Clear,Rule-based hybrid,6,5,10.500000,6.000000,16.500000,4.107919,10.500000
Clear,Rule-based hybrid,7,5,11.100000,6.000000,22.500000,6.758328,16.500000
Clear,Rule-based hybrid,8,5,17.400000,12.000000,22.500000,4.574385,10.500000
Clear,Rule-based hybrid,9,5,20.100000,10.500000,27.000000,7.544866,16.500000
Clear,Rule-based hybrid,10,5,18.300000,12.000000,31.500000,7.604275,19.500000
Clear,Rule-based hybrid,11,5,23.400000,16.500000,33.000000,6.328507,16.500000
Clear,Rule-based hybrid,12,5,24.000000,19.500000,37.500000,7.648529,18.000000
Clear,Rule-based hybrid,13,5,26.400000,21.000000,31.500000,4.321458,10.500000
Clear,Rule-based hybrid,14,5,28.200000,24.000000,31.500000,3.420526,7.500000
Clear,Rule-based hybrid,15,5,28.800000,21.000000,37.500000,6.906519,16.500000
Clear,Optimized hybrid,1,5,3.000000,0.000000,7.500000,3.517812,7.500000
Clear,Optimized hybrid,2,5,4.800000,0.000000,10.500000,4.162331,10.500000
Clear,Optimized hybrid,3,5,9.000000,1.500000,19.500000,7.500000,18.000000
Clear,Optimized hybrid,4,5,9.600000,4.500000,16.500000,5.152669,12.000000
Clear,Optimized hybrid,5,5,14.700000,7.500000,19.500000,5.449771,12.000000
Clear,Optimized hybrid,6,5,12.000000,4.500000,21.000000,6.363961,16.500000
Clear,Optimized hybrid,7,5,12.000000,6.000000,24.000000,6.955214,18.000000
Clear,Optimized hybrid,8,5,17.700000,12.000000,24.000000,5.848077,12.000000
Clear,Optimized hybrid,9,5,22.500000,13.500000,31.500000,8.007809,18.000000
Clear,Optimized hybrid,10,5,20.700000,13.500000,34.500000,8.105554,21.000000
Clear,Optimized hybrid,11,5,23.400000,18.000000,31.500000,5.366563,13.500000
Clear,Optimized hybrid,12,5,24.000000,18.000000,39.000000,8.551316,21.000000
Clear,Optimized hybrid,13,5,27.600000,21.000000,33.000000,4.574385,12.000000
Clear,Optimized hybrid,14,5,29.400000,25.500000,33.000000,3.764970,7.500000
Clear,Optimized hybrid,15,5,31.200000,21.000000,40.500000,7.823043,19.500000
Overcast,Zonal PIR ceiling-only,1,5,73.920000,0.000000,132.000000,68.334706,132.000000
Overcast,Zonal PIR ceiling-only,2,5,105.600000,0.000000,171.600000,63.989374,171.600000
Overcast,Zonal PIR ceiling-only,3,5,145.200000,105.600000,198.000000,43.779447,92.400000
Overcast,Zonal PIR ceiling-only,4,5,240.240000,184.800000,303.600000,48.857835,118.800000
Overcast,Zonal PIR ceiling-only,5,5,245.520000,211.200000,277.200000,25.731537,66.000000
Overcast,Zonal PIR ceiling-only,6,5,253.440000,224.400000,277.200000,27.051950,52.800000
Overcast,Zonal PIR ceiling-only,7,5,266.640000,250.800000,290.400000,17.210694,39.600000
Overcast,Zonal PIR ceiling-only,8,5,293.040000,277.200000,303.600000,11.043912,26.400000
Overcast,Zonal PIR ceiling-only,9,5,282.480000,277.200000,290.400000,7.229938,13.200000
Overcast,Zonal PIR ceiling-only,10,5,285.120000,250.800000,303.600000,20.018791,52.800000
Overcast,Zonal PIR ceiling-only,11,5,290.400000,264.000000,303.600000,16.166632,39.600000
Overcast,Zonal PIR ceiling-only,12,5,298.320000,290.400000,303.600000,7.229938,13.200000
Overcast,Zonal PIR ceiling-only,13,5,298.320000,290.400000,303.600000,7.229938,13.200000
Overcast,Zonal PIR ceiling-only,14,5,300.960000,290.400000,303.600000,5.903219,13.200000
Overcast,Zonal PIR ceiling-only,15,5,287.760000,250.800000,303.600000,21.689813,52.800000
Overcast,Rule-based hybrid,1,5,37.620000,0.000000,72.000000,36.181791,72.000000
Overcast,Rule-based hybrid,2,5,44.460000,0.000000,76.500000,36.853874,76.500000
Overcast,Rule-based hybrid,3,5,60.420000,9.000000,84.000000,30.434553,75.000000
Overcast,Rule-based hybrid,4,5,111.900000,82.500000,126.600000,17.726675,44.100000
Overcast,Rule-based hybrid,5,5,116.940000,87.000000,132.600000,18.426693,45.600000
Overcast,Rule-based hybrid,6,5,125.220000,111.900000,137.100000,9.174802,25.200000
Overcast,Rule-based hybrid,7,5,109.140000,91.500000,120.900000,13.054999,29.400000
Overcast,Rule-based hybrid,8,5,136.560000,122.400000,144.600000,8.791075,22.200000
Overcast,Rule-based hybrid,9,5,139.260000,125.400000,147.600000,8.401071,22.200000
Overcast,Rule-based hybrid,10,5,134.340000,109.500000,147.600000,15.287348,38.100000
Overcast,Rule-based hybrid,11,5,144.480000,114.000000,155.100000,17.137590,41.100000
Overcast,Rule-based hybrid,12,5,153.600000,144.600000,164.100000,8.810505,19.500000
Overcast,Rule-based hybrid,13,5,161.100000,156.600000,168.600000,5.086747,12.000000
Overcast,Rule-based hybrid,14,5,165.000000,159.600000,170.100000,4.449719,10.500000
Overcast,Rule-based hybrid,15,5,160.380000,124.500000,174.600000,20.678902,50.100000
Overcast,Optimized hybrid,1,5,38.820000,0.000000,72.000000,34.690950,72.000000
Overcast,Optimized hybrid,2,5,43.860000,0.000000,76.500000,36.462282,76.500000
Overcast,Optimized hybrid,3,5,63.900000,9.000000,84.000000,31.205769,75.000000
Overcast,Optimized hybrid,4,5,84.900000,79.500000,88.500000,3.764970,9.000000
Overcast,Optimized hybrid,5,5,87.600000,85.500000,91.500000,2.274863,6.000000
Overcast,Optimized hybrid,6,5,89.100000,84.000000,97.500000,5.867282,13.500000
Overcast,Optimized hybrid,7,5,91.500000,88.500000,96.000000,3.181981,7.500000
Overcast,Optimized hybrid,8,5,99.900000,94.500000,106.500000,4.321458,12.000000
Overcast,Optimized hybrid,9,5,102.300000,97.500000,111.000000,5.345559,13.500000
Overcast,Optimized hybrid,10,5,102.300000,97.500000,108.000000,4.162331,10.500000
Overcast,Optimized hybrid,11,5,110.100000,105.000000,118.500000,5.260703,13.500000
Overcast,Optimized hybrid,12,5,113.700000,105.000000,123.000000,8.378544,18.000000
Overcast,Optimized hybrid,13,5,117.300000,114.000000,124.500000,4.424364,10.500000
Overcast,Optimized hybrid,14,5,124.800000,117.000000,135.000000,6.824588,18.000000
Overcast,Optimized hybrid,15,5,125.100000,117.000000,133.500000,7.692529,16.500000
Night,Zonal PIR ceiling-only,1,5,171.600000,171.600000,171.600000,0.000000,0.000000
Night,Zonal PIR ceiling-only,2,5,253.440000,171.600000,343.200000,77.756852,171.600000
Night,Zonal PIR ceiling-only,3,5,293.040000,171.600000,343.200000,71.328872,171.600000
Night,Zonal PIR ceiling-only,4,5,430.320000,343.200000,514.800000,81.690832,171.600000
Night,Zonal PIR ceiling-only,5,5,454.080000,343.200000,488.400000,63.029136,145.200000
Night,Zonal PIR ceiling-only,6,5,459.360000,343.200000,488.400000,64.935414,145.200000
Night,Zonal PIR ceiling-only,7,5,504.240000,488.400000,514.800000,14.459876,26.400000
Night,Zonal PIR ceiling-only,8,5,514.800000,514.800000,514.800000,0.000000,0.000000
Night,Zonal PIR ceiling-only,9,5,493.680000,488.400000,514.800000,11.806439,26.400000
Night,Zonal PIR ceiling-only,10,5,509.520000,488.400000,514.800000,11.806439,26.400000
Night,Zonal PIR ceiling-only,11,5,514.800000,514.800000,514.800000,0.000000,0.000000
Night,Zonal PIR ceiling-only,12,5,509.520000,488.400000,514.800000,11.806439,26.400000
Night,Zonal PIR ceiling-only,13,5,514.800000,514.800000,514.800000,0.000000,0.000000
Night,Zonal PIR ceiling-only,14,5,514.800000,514.800000,514.800000,0.000000,0.000000
Night,Zonal PIR ceiling-only,15,5,514.800000,514.800000,514.800000,0.000000,0.000000
Night,Rule-based hybrid,1,5,110.100000,110.100000,110.100000,0.000000,0.000000
Night,Rule-based hybrid,2,5,177.960000,114.600000,220.200000,57.839502,105.600000
Night,Rule-based hybrid,3,5,203.580000,119.100000,224.700000,47.225756,105.600000
Night,Rule-based hybrid,4,5,292.560000,229.200000,334.800000,57.839502,105.600000
Night,Rule-based hybrid,5,5,318.180000,233.700000,339.300000,47.225756,105.600000
Night,Rule-based hybrid,6,5,322.680000,238.200000,343.800000,47.225756,105.600000
Night,Rule-based hybrid,7,5,348.300000,348.300000,348.300000,0.000000,0.000000
Night,Rule-based hybrid,8,5,352.800000,352.800000,352.800000,0.000000,0.000000
Night,Rule-based hybrid,9,5,357.300000,357.300000,357.300000,0.000000,0.000000
Night,Rule-based hybrid,10,5,361.800000,361.800000,361.800000,0.000000,0.000000
Night,Rule-based hybrid,11,5,366.300000,366.300000,366.300000,0.000000,0.000000
Night,Rule-based hybrid,12,5,370.800000,370.800000,370.800000,0.000000,0.000000
Night,Rule-based hybrid,13,5,375.300000,375.300000,375.300000,0.000000,0.000000
Night,Rule-based hybrid,14,5,379.800000,379.800000,379.800000,0.000000,0.000000
Night,Rule-based hybrid,15,5,384.300000,384.300000,384.300000,0.000000,0.000000
Night,Optimized hybrid,1,5,110.100000,110.100000,110.100000,0.000000,0.000000
Night,Optimized hybrid,2,5,151.560000,113.100000,196.800000,40.814005,83.700000
Night,Optimized hybrid,3,5,171.900000,116.100000,201.300000,38.951508,85.200000
Night,Optimized hybrid,4,5,204.600000,163.200000,230.700000,26.985830,67.500000
Night,Optimized hybrid,5,5,229.080000,200.100000,249.900000,18.708073,49.800000
Night,Optimized hybrid,6,5,228.900000,203.100000,241.200000,15.563901,38.100000
Night,Optimized hybrid,7,5,238.140000,234.000000,250.200000,6.855509,16.200000
Night,Optimized hybrid,8,5,249.720000,243.000000,256.200000,6.344840,13.200000
Night,Optimized hybrid,9,5,254.760000,243.000000,259.200000,6.659054,16.200000
Night,Optimized hybrid,10,5,270.180000,253.500000,278.400000,11.186018,24.900000
Night,Optimized hybrid,11,5,273.780000,268.200000,281.400000,6.323527,13.200000
Night,Optimized hybrid,12,5,279.480000,272.700000,288.900000,7.383901,16.200000
Night,Optimized hybrid,13,5,283.380000,277.200000,291.900000,7.801731,14.700000
Night,Optimized hybrid,14,5,295.560000,281.700000,299.400000,7.775153,17.700000
Night,Optimized hybrid,15,5,300.360000,289.200000,303.900000,6.283550,14.700000
